Zip Code,Date,Count,Day,Feels Like,Precipitation
53110,2023-02-20,4,0,28.9,0.0
53110,2023-02-26,1,6,28.1,0.0
53110,2023-03-03,1,4,28.5,0.0
53110,2023-03-25,1,5,27.7,0.66
53129,2023-03-08,2,2,31.2,0.0
53132,2023-02-21,2,1,20.7,0.011
53132,2023-02-26,4,6,28.1,0.0
53132,2023-02-27,4,0,28.9,2.006
53132,2023-03-05,4,6,32.8,0.02
53132,2023-03-09,4,3,28.8,0.454
53132,2023-03-21,6,1,36.4,0.0
53132,2023-03-22,1,2,39.4,0.0
53132,2023-03-24,4,4,31.1,0.0
53132,2023-04-04,2,1,38.6,0.523
53132,2023-04-13,2,3,69.7,0.0
53132,2023-04-17,1,0,25.4,0.023
53154,2023-02-02,1,3,10.7,0.0
53154,2023-02-08,5,2,31.7,0.0
53154,2023-02-09,7,3,29.0,0.957
53154,2023-02-11,6,5,28.0,0.0
53154,2023-02-14,5,1,37.1,0.039
53154,2023-02-15,6,2,35.4,0.007
53154,2023-02-17,2,4,9.2,0.0
53154,2023-02-20,2,0,28.9,0.0
53154,2023-02-21,5,1,20.7,0.011
53154,2023-02-23,4,3,22.6,0.066
53154,2023-02-28,6,1,33.9,0.0
53154,2023-03-02,4,3,28.2,0.0
53154,2023-03-13,4,0,19.7,0.04
53154,2023-03-14,2,1,17.8,0.0
53154,2023-03-23,2,3,33.4,0.032
53154,2023-03-24,2,4,31.1,0.0
53154,2023-03-27,2,0,30.5,0.005
53154,2023-03-28,1,1,35.1,0.0
53154,2023-04-05,5,2,47.9,0.339
53154,2023-04-06,2,3,36.3,0.0
53154,2023-04-08,2,5,45.6,0.0
53154,2023-04-10,1,0,58.8,0.0
53154,2023-04-12,5,2,70.8,0.0
53154,2023-04-17,5,0,25.4,0.023
53154,2023-04-19,6,2,33.8,0.119
53172,2023-03-06,8,0,32.9,0.473
53172,2023-03-09,4,3,28.8,0.454
53202,2023-02-02,5,3,10.7,0.0
53202,2023-02-06,40,0,23.7,0.0
53202,2023-02-07,75,1,33.1,0.0
53202,2023-02-08,71,2,31.7,0.0
53202,2023-02-09,74,3,29.0,0.957
53202,2023-02-10,40,4,24.2,0.0
53202,2023-02-11,78,5,28.0,0.0
53202,2023-02-12,58,6,37.2,0.0
53202,2023-02-13,48,0,35.5,0.0
53202,2023-02-14,71,1,37.1,0.039
53202,2023-02-15,71,2,35.4,0.007
53202,2023-02-16,57,3,18.4,0.309
53202,2023-02-17,67,4,9.2,0.0
53202,2023-02-18,69,5,24.3,0.0
53202,2023-02-19,69,6,34.1,0.0
53202,2023-02-20,75,0,28.9,0.0
53202,2023-02-21,65,1,20.7,0.011
53202,2023-02-22,66,2,19.9,0.648
53202,2023-02-23,60,3,22.6,0.066
53202,2023-02-24,65,4,11.4,0.02
53202,2023-02-25,45,5,23.1,0.057
53202,2023-02-26,57,6,28.1,0.0
53202,2023-02-27,77,0,28.9,2.006
53202,2023-02-28,55,1,33.9,0.0
53202,2023-03-01,55,2,37.8,0.0
53202,2023-03-02,81,3,28.2,0.0
53202,2023-03-03,79,4,28.5,0.0
53202,2023-03-04,95,5,34.9,0.031
53202,2023-03-05,77,6,32.8,0.02
53202,2023-03-06,68,0,32.9,0.473
53202,2023-03-07,78,1,30.1,0.001
53202,2023-03-08,80,2,31.2,0.0
53202,2023-03-09,65,3,28.8,0.454
53202,2023-03-10,63,4,25.7,0.465
53202,2023-03-11,46,5,25.5,0.011
53202,2023-03-12,44,6,27.5,0.111
53202,2023-03-13,54,0,19.7,0.04
53202,2023-03-14,47,1,17.8,0.0
53202,2023-03-21,51,1,36.4,0.0
53202,2023-03-22,65,2,39.4,0.0
53202,2023-03-23,78,3,33.4,0.032
53202,2023-03-24,65,4,31.1,0.0
53202,2023-03-25,54,5,27.7,0.66
53202,2023-03-26,49,6,32.6,0.107
53202,2023-03-27,51,0,30.5,0.005
53202,2023-03-28,66,1,35.1,0.0
53202,2023-03-29,67,2,28.1,0.0
53202,2023-03-30,23,3,28.7,0.0
53202,2023-04-01,32,5,30.8,0.011
53202,2023-04-02,60,6,33.6,0.0
53202,2023-04-03,63,0,48.1,0.211
53202,2023-04-04,55,1,38.6,0.523
53202,2023-04-05,64,2,47.9,0.339
53202,2023-04-06,58,3,36.3,0.0
53202,2023-04-07,69,4,31.8,0.0
53202,2023-04-08,70,5,45.6,0.0
53202,2023-04-09,73,6,53.2,0.0
53202,2023-04-10,78,0,58.8,0.0
53202,2023-04-11,43,1,66.5,0.0
53202,2023-04-12,73,2,70.8,0.0
53202,2023-04-13,75,3,69.7,0.0
53202,2023-04-14,92,4,66.1,0.0
53202,2023-04-15,93,5,67.0,0.012
53202,2023-04-16,78,6,47.1,0.162
53202,2023-04-17,47,0,25.4,0.023
53202,2023-04-18,55,1,38.5,0.0
53202,2023-04-19,60,2,33.8,0.119
53202,2023-04-20,83,3,53.6,0.16
53203,2023-02-02,2,3,10.7,0.0
53203,2023-02-06,9,0,23.7,0.0
53203,2023-02-07,16,1,33.1,0.0
53203,2023-02-08,7,2,31.7,0.0
53203,2023-02-09,12,3,29.0,0.957
53203,2023-02-10,7,4,24.2,0.0
53203,2023-02-11,26,5,28.0,0.0
53203,2023-02-12,18,6,37.2,0.0
53203,2023-02-13,7,0,35.5,0.0
53203,2023-02-14,14,1,37.1,0.039
53203,2023-02-15,8,2,35.4,0.007
53203,2023-02-16,17,3,18.4,0.309
53203,2023-02-17,14,4,9.2,0.0
53203,2023-02-18,10,5,24.3,0.0
53203,2023-02-19,20,6,34.1,0.0
53203,2023-02-20,7,0,28.9,0.0
53203,2023-02-21,7,1,20.7,0.011
53203,2023-02-22,17,2,19.9,0.648
53203,2023-02-23,18,3,22.6,0.066
53203,2023-02-24,10,4,11.4,0.02
53203,2023-02-25,15,5,23.1,0.057
53203,2023-02-26,16,6,28.1,0.0
53203,2023-02-27,13,0,28.9,2.006
53203,2023-02-28,16,1,33.9,0.0
53203,2023-03-01,17,2,37.8,0.0
53203,2023-03-02,19,3,28.2,0.0
53203,2023-03-03,15,4,28.5,0.0
53203,2023-03-04,20,5,34.9,0.031
53203,2023-03-05,12,6,32.8,0.02
53203,2023-03-06,17,0,32.9,0.473
53203,2023-03-07,13,1,30.1,0.001
53203,2023-03-08,6,2,31.2,0.0
53203,2023-03-09,9,3,28.8,0.454
53203,2023-03-10,15,4,25.7,0.465
53203,2023-03-11,10,5,25.5,0.011
53203,2023-03-12,15,6,27.5,0.111
53203,2023-03-13,15,0,19.7,0.04
53203,2023-03-14,4,1,17.8,0.0
53203,2023-03-21,12,1,36.4,0.0
53203,2023-03-22,16,2,39.4,0.0
53203,2023-03-23,14,3,33.4,0.032
53203,2023-03-24,17,4,31.1,0.0
53203,2023-03-25,15,5,27.7,0.66
53203,2023-03-26,18,6,32.6,0.107
53203,2023-03-27,13,0,30.5,0.005
53203,2023-03-28,13,1,35.1,0.0
53203,2023-03-29,10,2,28.1,0.0
53203,2023-03-30,4,3,28.7,0.0
53203,2023-04-01,15,5,30.8,0.011
53203,2023-04-02,21,6,33.6,0.0
53203,2023-04-03,15,0,48.1,0.211
53203,2023-04-04,11,1,38.6,0.523
53203,2023-04-05,17,2,47.9,0.339
53203,2023-04-06,18,3,36.3,0.0
53203,2023-04-07,13,4,31.8,0.0
53203,2023-04-08,27,5,45.6,0.0
53203,2023-04-09,14,6,53.2,0.0
53203,2023-04-10,4,0,58.8,0.0
53203,2023-04-11,16,1,66.5,0.0
53203,2023-04-12,14,2,70.8,0.0
53203,2023-04-13,16,3,69.7,0.0
53203,2023-04-14,23,4,66.1,0.0
53203,2023-04-15,21,5,67.0,0.012
53203,2023-04-16,19,6,47.1,0.162
53203,2023-04-17,11,0,25.4,0.023
53203,2023-04-18,13,1,38.5,0.0
53203,2023-04-19,13,2,33.8,0.119
53203,2023-04-20,20,3,53.6,0.16
53204,2023-01-21,3,5,21.8,0.0
53204,2023-02-02,5,3,10.7,0.0
53204,2023-02-06,53,0,23.7,0.0
53204,2023-02-07,73,1,33.1,0.0
53204,2023-02-08,87,2,31.7,0.0
53204,2023-02-09,117,3,29.0,0.957
53204,2023-02-10,91,4,24.2,0.0
53204,2023-02-11,111,5,28.0,0.0
53204,2023-02-12,104,6,37.2,0.0
53204,2023-02-13,77,0,35.5,0.0
53204,2023-02-14,101,1,37.1,0.039
53204,2023-02-15,191,2,35.4,0.007
53204,2023-02-16,106,3,18.4,0.309
53204,2023-02-17,115,4,9.2,0.0
53204,2023-02-18,120,5,24.3,0.0
53204,2023-02-19,111,6,34.1,0.0
53204,2023-02-20,105,0,28.9,0.0
53204,2023-02-21,133,1,20.7,0.011
53204,2023-02-22,110,2,19.9,0.648
53204,2023-02-23,122,3,22.6,0.066
53204,2023-02-24,139,4,11.4,0.02
53204,2023-02-25,123,5,23.1,0.057
53204,2023-02-26,94,6,28.1,0.0
53204,2023-02-27,123,0,28.9,2.006
53204,2023-02-28,113,1,33.9,0.0
53204,2023-03-01,132,2,37.8,0.0
53204,2023-03-02,169,3,28.2,0.0
53204,2023-03-03,149,4,28.5,0.0
53204,2023-03-04,107,5,34.9,0.031
53204,2023-03-05,125,6,32.8,0.02
53204,2023-03-06,130,0,32.9,0.473
53204,2023-03-07,133,1,30.1,0.001
53204,2023-03-08,167,2,31.2,0.0
53204,2023-03-09,135,3,28.8,0.454
53204,2023-03-10,99,4,25.7,0.465
53204,2023-03-11,117,5,25.5,0.011
53204,2023-03-12,98,6,27.5,0.111
53204,2023-03-13,146,0,19.7,0.04
53204,2023-03-14,60,1,17.8,0.0
53204,2023-03-21,77,1,36.4,0.0
53204,2023-03-22,134,2,39.4,0.0
53204,2023-03-23,82,3,33.4,0.032
53204,2023-03-24,117,4,31.1,0.0
53204,2023-03-25,100,5,27.7,0.66
53204,2023-03-26,88,6,32.6,0.107
53204,2023-03-27,90,0,30.5,0.005
53204,2023-03-28,107,1,35.1,0.0
53204,2023-03-29,116,2,28.1,0.0
53204,2023-03-30,61,3,28.7,0.0
53204,2023-04-01,59,5,30.8,0.011
53204,2023-04-02,85,6,33.6,0.0
53204,2023-04-03,85,0,48.1,0.211
53204,2023-04-04,107,1,38.6,0.523
53204,2023-04-05,102,2,47.9,0.339
53204,2023-04-06,87,3,36.3,0.0
53204,2023-04-07,98,4,31.8,0.0
53204,2023-04-08,82,5,45.6,0.0
53204,2023-04-09,102,6,53.2,0.0
53204,2023-04-10,107,0,58.8,0.0
53204,2023-04-11,123,1,66.5,0.0
53204,2023-04-12,97,2,70.8,0.0
53204,2023-04-13,115,3,69.7,0.0
53204,2023-04-14,103,4,66.1,0.0
53204,2023-04-15,84,5,67.0,0.012
53204,2023-04-16,81,6,47.1,0.162
53204,2023-04-17,112,0,25.4,0.023
53204,2023-04-18,83,1,38.5,0.0
53204,2023-04-19,94,2,33.8,0.119
53204,2023-04-20,100,3,53.6,0.16
53205,2023-02-02,2,3,10.7,0.0
53205,2023-02-06,7,0,23.7,0.0
53205,2023-02-07,25,1,33.1,0.0
53205,2023-02-08,34,2,31.7,0.0
53205,2023-02-09,24,3,29.0,0.957
53205,2023-02-10,13,4,24.2,0.0
53205,2023-02-11,22,5,28.0,0.0
53205,2023-02-12,30,6,37.2,0.0
53205,2023-02-13,17,0,35.5,0.0
53205,2023-02-14,23,1,37.1,0.039
53205,2023-02-15,17,2,35.4,0.007
53205,2023-02-16,12,3,18.4,0.309
53205,2023-02-17,18,4,9.2,0.0
53205,2023-02-18,39,5,24.3,0.0
53205,2023-02-19,16,6,34.1,0.0
53205,2023-02-20,26,0,28.9,0.0
53205,2023-02-21,23,1,20.7,0.011
53205,2023-02-22,16,2,19.9,0.648
53205,2023-02-23,27,3,22.6,0.066
53205,2023-02-24,14,4,11.4,0.02
53205,2023-02-25,18,5,23.1,0.057
53205,2023-02-26,16,6,28.1,0.0
53205,2023-02-27,35,0,28.9,2.006
53205,2023-02-28,30,1,33.9,0.0
53205,2023-03-01,22,2,37.8,0.0
53205,2023-03-02,22,3,28.2,0.0
53205,2023-03-03,19,4,28.5,0.0
53205,2023-03-04,21,5,34.9,0.031
53205,2023-03-05,18,6,32.8,0.02
53205,2023-03-06,22,0,32.9,0.473
53205,2023-03-07,29,1,30.1,0.001
53205,2023-03-08,20,2,31.2,0.0
53205,2023-03-09,26,3,28.8,0.454
53205,2023-03-10,11,4,25.7,0.465
53205,2023-03-11,12,5,25.5,0.011
53205,2023-03-12,12,6,27.5,0.111
53205,2023-03-13,19,0,19.7,0.04
53205,2023-03-14,11,1,17.8,0.0
53205,2023-03-21,13,1,36.4,0.0
53205,2023-03-22,28,2,39.4,0.0
53205,2023-03-23,18,3,33.4,0.032
53205,2023-03-24,12,4,31.1,0.0
53205,2023-03-25,27,5,27.7,0.66
53205,2023-03-26,14,6,32.6,0.107
53205,2023-03-27,15,0,30.5,0.005
53205,2023-03-28,17,1,35.1,0.0
53205,2023-03-29,18,2,28.1,0.0
53205,2023-03-30,4,3,28.7,0.0
53205,2023-04-01,21,5,30.8,0.011
53205,2023-04-02,15,6,33.6,0.0
53205,2023-04-03,22,0,48.1,0.211
53205,2023-04-04,20,1,38.6,0.523
53205,2023-04-05,34,2,47.9,0.339
53205,2023-04-06,16,3,36.3,0.0
53205,2023-04-07,17,4,31.8,0.0
53205,2023-04-08,21,5,45.6,0.0
53205,2023-04-09,21,6,53.2,0.0
53205,2023-04-10,24,0,58.8,0.0
53205,2023-04-11,17,1,66.5,0.0
53205,2023-04-12,20,2,70.8,0.0
53205,2023-04-13,28,3,69.7,0.0
53205,2023-04-14,16,4,66.1,0.0
53205,2023-04-15,20,5,67.0,0.012
53205,2023-04-16,16,6,47.1,0.162
53205,2023-04-17,29,0,25.4,0.023
53205,2023-04-18,20,1,38.5,0.0
53205,2023-04-19,20,2,33.8,0.119
53205,2023-04-20,36,3,53.6,0.16
53206,2023-01-21,9,5,21.8,0.0
53206,2023-02-02,14,3,10.7,0.0
53206,2023-02-06,34,0,23.7,0.0
53206,2023-02-07,61,1,33.1,0.0
53206,2023-02-08,55,2,31.7,0.0
53206,2023-02-09,84,3,29.0,0.957
53206,2023-02-10,89,4,24.2,0.0
53206,2023-02-11,79,5,28.0,0.0
53206,2023-02-12,56,6,37.2,0.0
53206,2023-02-13,57,0,35.5,0.0
53206,2023-02-14,61,1,37.1,0.039
53206,2023-02-15,63,2,35.4,0.007
53206,2023-02-16,72,3,18.4,0.309
53206,2023-02-17,67,4,9.2,0.0
53206,2023-02-18,71,5,24.3,0.0
53206,2023-02-19,88,6,34.1,0.0
53206,2023-02-20,76,0,28.9,0.0
53206,2023-02-21,94,1,20.7,0.011
53206,2023-02-22,64,2,19.9,0.648
53206,2023-02-23,80,3,22.6,0.066
53206,2023-02-24,78,4,11.4,0.02
53206,2023-02-25,74,5,23.1,0.057
53206,2023-02-26,85,6,28.1,0.0
53206,2023-02-27,87,0,28.9,2.006
53206,2023-02-28,64,1,33.9,0.0
53206,2023-03-01,67,2,37.8,0.0
53206,2023-03-02,78,3,28.2,0.0
53206,2023-03-03,69,4,28.5,0.0
53206,2023-03-04,60,5,34.9,0.031
53206,2023-03-05,99,6,32.8,0.02
53206,2023-03-06,84,0,32.9,0.473
53206,2023-03-07,80,1,30.1,0.001
53206,2023-03-08,119,2,31.2,0.0
53206,2023-03-09,61,3,28.8,0.454
53206,2023-03-10,69,4,25.7,0.465
53206,2023-03-11,67,5,25.5,0.011
53206,2023-03-12,88,6,27.5,0.111
53206,2023-03-13,116,0,19.7,0.04
53206,2023-03-14,32,1,17.8,0.0
53206,2023-03-21,63,1,36.4,0.0
53206,2023-03-22,88,2,39.4,0.0
53206,2023-03-23,99,3,33.4,0.032
53206,2023-03-24,64,4,31.1,0.0
53206,2023-03-25,46,5,27.7,0.66
53206,2023-03-26,67,6,32.6,0.107
53206,2023-03-27,61,0,30.5,0.005
53206,2023-03-28,105,1,35.1,0.0
53206,2023-03-29,95,2,28.1,0.0
53206,2023-03-30,30,3,28.7,0.0
53206,2023-04-01,31,5,30.8,0.011
53206,2023-04-02,55,6,33.6,0.0
53206,2023-04-03,68,0,48.1,0.211
53206,2023-04-04,60,1,38.6,0.523
53206,2023-04-05,85,2,47.9,0.339
53206,2023-04-06,67,3,36.3,0.0
53206,2023-04-07,72,4,31.8,0.0
53206,2023-04-08,98,5,45.6,0.0
53206,2023-04-09,64,6,53.2,0.0
53206,2023-04-10,76,0,58.8,0.0
53206,2023-04-11,77,1,66.5,0.0
53206,2023-04-12,66,2,70.8,0.0
53206,2023-04-13,62,3,69.7,0.0
53206,2023-04-14,53,4,66.1,0.0
53206,2023-04-15,102,5,67.0,0.012
53206,2023-04-16,60,6,47.1,0.162
53206,2023-04-17,81,0,25.4,0.023
53206,2023-04-18,57,1,38.5,0.0
53206,2023-04-19,79,2,33.8,0.119
53206,2023-04-20,58,3,53.6,0.16
53207,2023-01-21,15,5,21.8,0.0
53207,2023-02-02,4,3,10.7,0.0
53207,2023-02-06,28,0,23.7,0.0
53207,2023-02-07,38,1,33.1,0.0
53207,2023-02-08,70,2,31.7,0.0
53207,2023-02-09,89,3,29.0,0.957
53207,2023-02-10,74,4,24.2,0.0
53207,2023-02-11,68,5,28.0,0.0
53207,2023-02-12,54,6,37.2,0.0
53207,2023-02-13,59,0,35.5,0.0
53207,2023-02-14,60,1,37.1,0.039
53207,2023-02-15,73,2,35.4,0.007
53207,2023-02-16,70,3,18.4,0.309
53207,2023-02-17,103,4,9.2,0.0
53207,2023-02-18,51,5,24.3,0.0
53207,2023-02-19,75,6,34.1,0.0
53207,2023-02-20,90,0,28.9,0.0
53207,2023-02-21,86,1,20.7,0.011
53207,2023-02-22,94,2,19.9,0.648
53207,2023-02-23,78,3,22.6,0.066
53207,2023-02-24,81,4,11.4,0.02
53207,2023-02-25,59,5,23.1,0.057
53207,2023-02-26,53,6,28.1,0.0
53207,2023-02-27,77,0,28.9,2.006
53207,2023-02-28,72,1,33.9,0.0
53207,2023-03-01,62,2,37.8,0.0
53207,2023-03-02,98,3,28.2,0.0
53207,2023-03-03,88,4,28.5,0.0
53207,2023-03-04,71,5,34.9,0.031
53207,2023-03-05,64,6,32.8,0.02
53207,2023-03-06,60,0,32.9,0.473
53207,2023-03-07,83,1,30.1,0.001
53207,2023-03-08,86,2,31.2,0.0
53207,2023-03-09,81,3,28.8,0.454
53207,2023-03-10,75,4,25.7,0.465
53207,2023-03-11,63,5,25.5,0.011
53207,2023-03-12,39,6,27.5,0.111
53207,2023-03-13,106,0,19.7,0.04
53207,2023-03-14,45,1,17.8,0.0
53207,2023-03-21,34,1,36.4,0.0
53207,2023-03-22,71,2,39.4,0.0
53207,2023-03-23,75,3,33.4,0.032
53207,2023-03-24,78,4,31.1,0.0
53207,2023-03-25,59,5,27.7,0.66
53207,2023-03-26,75,6,32.6,0.107
53207,2023-03-27,87,0,30.5,0.005
53207,2023-03-28,97,1,35.1,0.0
53207,2023-03-29,91,2,28.1,0.0
53207,2023-03-30,40,3,28.7,0.0
53207,2023-04-01,42,5,30.8,0.011
53207,2023-04-02,60,6,33.6,0.0
53207,2023-04-03,73,0,48.1,0.211
53207,2023-04-04,67,1,38.6,0.523
53207,2023-04-05,64,2,47.9,0.339
53207,2023-04-06,74,3,36.3,0.0
53207,2023-04-07,76,4,31.8,0.0
53207,2023-04-08,87,5,45.6,0.0
53207,2023-04-09,70,6,53.2,0.0
53207,2023-04-10,71,0,58.8,0.0
53207,2023-04-11,94,1,66.5,0.0
53207,2023-04-12,62,2,70.8,0.0
53207,2023-04-13,95,3,69.7,0.0
53207,2023-04-14,76,4,66.1,0.0
53207,2023-04-15,42,5,67.0,0.012
53207,2023-04-16,73,6,47.1,0.162
53207,2023-04-17,100,0,25.4,0.023
53207,2023-04-18,63,1,38.5,0.0
53207,2023-04-19,76,2,33.8,0.119
53207,2023-04-20,97,3,53.6,0.16
53208,2023-01-21,21,5,21.8,0.0
53208,2023-02-02,14,3,10.7,0.0
53208,2023-02-06,49,0,23.7,0.0
53208,2023-02-07,106,1,33.1,0.0
53208,2023-02-08,128,2,31.7,0.0
53208,2023-02-09,145,3,29.0,0.957
53208,2023-02-10,120,4,24.2,0.0
53208,2023-02-11,94,5,28.0,0.0
53208,2023-02-12,83,6,37.2,0.0
53208,2023-02-13,100,0,35.5,0.0
53208,2023-02-14,136,1,37.1,0.039
53208,2023-02-15,124,2,35.4,0.007
53208,2023-02-16,130,3,18.4,0.309
53208,2023-02-17,108,4,9.2,0.0
53208,2023-02-18,107,5,24.3,0.0
53208,2023-02-19,111,6,34.1,0.0
53208,2023-02-20,129,0,28.9,0.0
53208,2023-02-21,132,1,20.7,0.011
53208,2023-02-22,118,2,19.9,0.648
53208,2023-02-23,101,3,22.6,0.066
53208,2023-02-24,112,4,11.4,0.02
53208,2023-02-25,98,5,23.1,0.057
53208,2023-02-26,88,6,28.1,0.0
53208,2023-02-27,149,0,28.9,2.006
53208,2023-02-28,138,1,33.9,0.0
53208,2023-03-01,116,2,37.8,0.0
53208,2023-03-02,117,3,28.2,0.0
53208,2023-03-03,134,4,28.5,0.0
53208,2023-03-04,121,5,34.9,0.031
53208,2023-03-05,111,6,32.8,0.02
53208,2023-03-06,123,0,32.9,0.473
53208,2023-03-07,138,1,30.1,0.001
53208,2023-03-08,135,2,31.2,0.0
53208,2023-03-09,111,3,28.8,0.454
53208,2023-03-10,137,4,25.7,0.465
53208,2023-03-11,92,5,25.5,0.011
53208,2023-03-12,101,6,27.5,0.111
53208,2023-03-13,149,0,19.7,0.04
53208,2023-03-14,77,1,17.8,0.0
53208,2023-03-21,78,1,36.4,0.0
53208,2023-03-22,132,2,39.4,0.0
53208,2023-03-23,142,3,33.4,0.032
53208,2023-03-24,125,4,31.1,0.0
53208,2023-03-25,115,5,27.7,0.66
53208,2023-03-26,100,6,32.6,0.107
53208,2023-03-27,100,0,30.5,0.005
53208,2023-03-28,104,1,35.1,0.0
53208,2023-03-29,152,2,28.1,0.0
53208,2023-03-30,46,3,28.7,0.0
53208,2023-04-01,131,5,30.8,0.011
53208,2023-04-02,95,6,33.6,0.0
53208,2023-04-03,139,0,48.1,0.211
53208,2023-04-04,166,1,38.6,0.523
53208,2023-04-05,140,2,47.9,0.339
53208,2023-04-06,125,3,36.3,0.0
53208,2023-04-07,118,4,31.8,0.0
53208,2023-04-08,113,5,45.6,0.0
53208,2023-04-09,92,6,53.2,0.0
53208,2023-04-10,119,0,58.8,0.0
53208,2023-04-11,111,1,66.5,0.0
53208,2023-04-12,83,2,70.8,0.0
53208,2023-04-13,100,3,69.7,0.0
53208,2023-04-14,105,4,66.1,0.0
53208,2023-04-15,122,5,67.0,0.012
53208,2023-04-16,105,6,47.1,0.162
53208,2023-04-17,137,0,25.4,0.023
53208,2023-04-18,135,1,38.5,0.0
53208,2023-04-19,129,2,33.8,0.119
53208,2023-04-20,115,3,53.6,0.16
53209,2023-01-21,6,5,21.8,0.0
53209,2023-02-02,13,3,10.7,0.0
53209,2023-02-06,36,0,23.7,0.0
53209,2023-02-07,102,1,33.1,0.0
53209,2023-02-08,79,2,31.7,0.0
53209,2023-02-09,63,3,29.0,0.957
53209,2023-02-10,91,4,24.2,0.0
53209,2023-02-11,85,5,28.0,0.0
53209,2023-02-12,75,6,37.2,0.0
53209,2023-02-13,79,0,35.5,0.0
53209,2023-02-14,109,1,37.1,0.039
53209,2023-02-15,95,2,35.4,0.007
53209,2023-02-16,72,3,18.4,0.309
53209,2023-02-17,84,4,9.2,0.0
53209,2023-02-18,86,5,24.3,0.0
53209,2023-02-19,83,6,34.1,0.0
53209,2023-02-20,86,0,28.9,0.0
53209,2023-02-21,81,1,20.7,0.011
53209,2023-02-22,85,2,19.9,0.648
53209,2023-02-23,64,3,22.6,0.066
53209,2023-02-24,70,4,11.4,0.02
53209,2023-02-25,96,5,23.1,0.057
53209,2023-02-26,73,6,28.1,0.0
53209,2023-02-27,75,0,28.9,2.006
53209,2023-02-28,115,1,33.9,0.0
53209,2023-03-01,112,2,37.8,0.0
53209,2023-03-02,103,3,28.2,0.0
53209,2023-03-03,114,4,28.5,0.0
53209,2023-03-04,72,5,34.9,0.031
53209,2023-03-05,72,6,32.8,0.02
53209,2023-03-06,98,0,32.9,0.473
53209,2023-03-07,115,1,30.1,0.001
53209,2023-03-08,109,2,31.2,0.0
53209,2023-03-09,100,3,28.8,0.454
53209,2023-03-10,98,4,25.7,0.465
53209,2023-03-11,118,5,25.5,0.011
53209,2023-03-12,107,6,27.5,0.111
53209,2023-03-13,103,0,19.7,0.04
53209,2023-03-14,82,1,17.8,0.0
53209,2023-03-21,101,1,36.4,0.0
53209,2023-03-22,119,2,39.4,0.0
53209,2023-03-23,104,3,33.4,0.032
53209,2023-03-24,91,4,31.1,0.0
53209,2023-03-25,86,5,27.7,0.66
53209,2023-03-26,89,6,32.6,0.107
53209,2023-03-27,75,0,30.5,0.005
53209,2023-03-28,97,1,35.1,0.0
53209,2023-03-29,94,2,28.1,0.0
53209,2023-03-30,28,3,28.7,0.0
53209,2023-04-01,40,5,30.8,0.011
53209,2023-04-02,100,6,33.6,0.0
53209,2023-04-03,86,0,48.1,0.211
53209,2023-04-04,125,1,38.6,0.523
53209,2023-04-05,130,2,47.9,0.339
53209,2023-04-06,97,3,36.3,0.0
53209,2023-04-07,83,4,31.8,0.0
53209,2023-04-08,61,5,45.6,0.0
53209,2023-04-09,85,6,53.2,0.0
53209,2023-04-10,137,0,58.8,0.0
53209,2023-04-11,114,1,66.5,0.0
53209,2023-04-12,102,2,70.8,0.0
53209,2023-04-13,82,3,69.7,0.0
53209,2023-04-14,90,4,66.1,0.0
53209,2023-04-15,100,5,67.0,0.012
53209,2023-04-16,80,6,47.1,0.162
53209,2023-04-17,108,0,25.4,0.023
53209,2023-04-18,96,1,38.5,0.0
53209,2023-04-19,105,2,33.8,0.119
53209,2023-04-20,83,3,53.6,0.16
53210,2023-01-21,9,5,21.8,0.0
53210,2023-02-02,4,3,10.7,0.0
53210,2023-02-06,13,0,23.7,0.0
53210,2023-02-07,60,1,33.1,0.0
53210,2023-02-08,48,2,31.7,0.0
53210,2023-02-09,62,3,29.0,0.957
53210,2023-02-10,77,4,24.2,0.0
53210,2023-02-11,74,5,28.0,0.0
53210,2023-02-12,62,6,37.2,0.0
53210,2023-02-13,61,0,35.5,0.0
53210,2023-02-14,58,1,37.1,0.039
53210,2023-02-15,87,2,35.4,0.007
53210,2023-02-16,50,3,18.4,0.309
53210,2023-02-17,48,4,9.2,0.0
53210,2023-02-18,60,5,24.3,0.0
53210,2023-02-19,80,6,34.1,0.0
53210,2023-02-20,75,0,28.9,0.0
53210,2023-02-21,55,1,20.7,0.011
53210,2023-02-22,91,2,19.9,0.648
53210,2023-02-23,46,3,22.6,0.066
53210,2023-02-24,33,4,11.4,0.02
53210,2023-02-25,62,5,23.1,0.057
53210,2023-02-26,52,6,28.1,0.0
53210,2023-02-27,53,0,28.9,2.006
53210,2023-02-28,42,1,33.9,0.0
53210,2023-03-01,52,2,37.8,0.0
53210,2023-03-02,86,3,28.2,0.0
53210,2023-03-03,61,4,28.5,0.0
53210,2023-03-04,85,5,34.9,0.031
53210,2023-03-05,89,6,32.8,0.02
53210,2023-03-06,76,0,32.9,0.473
53210,2023-03-07,61,1,30.1,0.001
53210,2023-03-08,77,2,31.2,0.0
53210,2023-03-09,64,3,28.8,0.454
53210,2023-03-10,82,4,25.7,0.465
53210,2023-03-11,47,5,25.5,0.011
53210,2023-03-12,32,6,27.5,0.111
53210,2023-03-13,62,0,19.7,0.04
53210,2023-03-14,26,1,17.8,0.0
53210,2023-03-21,41,1,36.4,0.0
53210,2023-03-22,101,2,39.4,0.0
53210,2023-03-23,74,3,33.4,0.032
53210,2023-03-24,63,4,31.1,0.0
53210,2023-03-25,67,5,27.7,0.66
53210,2023-03-26,87,6,32.6,0.107
53210,2023-03-27,89,0,30.5,0.005
53210,2023-03-28,67,1,35.1,0.0
53210,2023-03-29,76,2,28.1,0.0
53210,2023-03-30,21,3,28.7,0.0
53210,2023-04-01,46,5,30.8,0.011
53210,2023-04-02,58,6,33.6,0.0
53210,2023-04-03,58,0,48.1,0.211
53210,2023-04-04,88,1,38.6,0.523
53210,2023-04-05,84,2,47.9,0.339
53210,2023-04-06,67,3,36.3,0.0
53210,2023-04-07,59,4,31.8,0.0
53210,2023-04-08,75,5,45.6,0.0
53210,2023-04-09,59,6,53.2,0.0
53210,2023-04-10,67,0,58.8,0.0
53210,2023-04-11,104,1,66.5,0.0
53210,2023-04-12,68,2,70.8,0.0
53210,2023-04-13,59,3,69.7,0.0
53210,2023-04-14,70,4,66.1,0.0
53210,2023-04-15,67,5,67.0,0.012
53210,2023-04-16,73,6,47.1,0.162
53210,2023-04-17,64,0,25.4,0.023
53210,2023-04-18,83,1,38.5,0.0
53210,2023-04-19,46,2,33.8,0.119
53210,2023-04-20,40,3,53.6,0.16
53211,2023-02-02,2,3,10.7,0.0
53211,2023-02-06,15,0,23.7,0.0
53211,2023-02-07,19,1,33.1,0.0
53211,2023-02-08,25,2,31.7,0.0
53211,2023-02-09,23,3,29.0,0.957
53211,2023-02-10,30,4,24.2,0.0
53211,2023-02-11,11,5,28.0,0.0
53211,2023-02-12,28,6,37.2,0.0
53211,2023-02-13,14,0,35.5,0.0
53211,2023-02-14,17,1,37.1,0.039
53211,2023-02-15,30,2,35.4,0.007
53211,2023-02-16,22,3,18.4,0.309
53211,2023-02-17,12,4,9.2,0.0
53211,2023-02-18,17,5,24.3,0.0
53211,2023-02-19,18,6,34.1,0.0
53211,2023-02-20,11,0,28.9,0.0
53211,2023-02-21,20,1,20.7,0.011
53211,2023-02-22,32,2,19.9,0.648
53211,2023-02-23,24,3,22.6,0.066
53211,2023-02-24,25,4,11.4,0.02
53211,2023-02-25,15,5,23.1,0.057
53211,2023-02-26,12,6,28.1,0.0
53211,2023-02-27,18,0,28.9,2.006
53211,2023-02-28,12,1,33.9,0.0
53211,2023-03-01,7,2,37.8,0.0
53211,2023-03-02,16,3,28.2,0.0
53211,2023-03-03,13,4,28.5,0.0
53211,2023-03-04,21,5,34.9,0.031
53211,2023-03-05,28,6,32.8,0.02
53211,2023-03-06,15,0,32.9,0.473
53211,2023-03-07,23,1,30.1,0.001
53211,2023-03-08,16,2,31.2,0.0
53211,2023-03-09,25,3,28.8,0.454
53211,2023-03-10,16,4,25.7,0.465
53211,2023-03-11,6,5,25.5,0.011
53211,2023-03-12,22,6,27.5,0.111
53211,2023-03-13,20,0,19.7,0.04
53211,2023-03-14,11,1,17.8,0.0
53211,2023-03-21,15,1,36.4,0.0
53211,2023-03-22,12,2,39.4,0.0
53211,2023-03-23,16,3,33.4,0.032
53211,2023-03-24,17,4,31.1,0.0
53211,2023-03-25,17,5,27.7,0.66
53211,2023-03-26,18,6,32.6,0.107
53211,2023-03-27,17,0,30.5,0.005
53211,2023-03-28,17,1,35.1,0.0
53211,2023-03-29,21,2,28.1,0.0
53211,2023-03-30,4,3,28.7,0.0
53211,2023-04-01,36,5,30.8,0.011
53211,2023-04-02,9,6,33.6,0.0
53211,2023-04-03,15,0,48.1,0.211
53211,2023-04-04,19,1,38.6,0.523
53211,2023-04-05,10,2,47.9,0.339
53211,2023-04-06,13,3,36.3,0.0
53211,2023-04-07,19,4,31.8,0.0
53211,2023-04-08,18,5,45.6,0.0
53211,2023-04-09,15,6,53.2,0.0
53211,2023-04-10,13,0,58.8,0.0
53211,2023-04-11,32,1,66.5,0.0
53211,2023-04-12,40,2,70.8,0.0
53211,2023-04-13,24,3,69.7,0.0
53211,2023-04-14,18,4,66.1,0.0
53211,2023-04-15,19,5,67.0,0.012
53211,2023-04-16,13,6,47.1,0.162
53211,2023-04-17,17,0,25.4,0.023
53211,2023-04-18,25,1,38.5,0.0
53211,2023-04-19,20,2,33.8,0.119
53211,2023-04-20,21,3,53.6,0.16
53212,2023-01-21,6,5,21.8,0.0
53212,2023-02-02,19,3,10.7,0.0
53212,2023-02-06,42,0,23.7,0.0
53212,2023-02-07,124,1,33.1,0.0
53212,2023-02-08,122,2,31.7,0.0
53212,2023-02-09,133,3,29.0,0.957
53212,2023-02-10,94,4,24.2,0.0
53212,2023-02-11,76,5,28.0,0.0
53212,2023-02-12,88,6,37.2,0.0
53212,2023-02-13,97,0,35.5,0.0
53212,2023-02-14,122,1,37.1,0.039
53212,2023-02-15,152,2,35.4,0.007
53212,2023-02-16,103,3,18.4,0.309
53212,2023-02-17,130,4,9.2,0.0
53212,2023-02-18,111,5,24.3,0.0
53212,2023-02-19,111,6,34.1,0.0
53212,2023-02-20,116,0,28.9,0.0
53212,2023-02-21,127,1,20.7,0.011
53212,2023-02-22,101,2,19.9,0.648
53212,2023-02-23,104,3,22.6,0.066
53212,2023-02-24,113,4,11.4,0.02
53212,2023-02-25,121,5,23.1,0.057
53212,2023-02-26,99,6,28.1,0.0
53212,2023-02-27,114,0,28.9,2.006
53212,2023-02-28,145,1,33.9,0.0
53212,2023-03-01,115,2,37.8,0.0
53212,2023-03-02,96,3,28.2,0.0
53212,2023-03-03,127,4,28.5,0.0
53212,2023-03-04,145,5,34.9,0.031
53212,2023-03-05,104,6,32.8,0.02
53212,2023-03-06,132,0,32.9,0.473
53212,2023-03-07,122,1,30.1,0.001
53212,2023-03-08,163,2,31.2,0.0
53212,2023-03-09,127,3,28.8,0.454
53212,2023-03-10,149,4,25.7,0.465
53212,2023-03-11,106,5,25.5,0.011
53212,2023-03-12,138,6,27.5,0.111
53212,2023-03-13,124,0,19.7,0.04
53212,2023-03-14,61,1,17.8,0.0
53212,2023-03-21,88,1,36.4,0.0
53212,2023-03-22,125,2,39.4,0.0
53212,2023-03-23,115,3,33.4,0.032
53212,2023-03-24,112,4,31.1,0.0
53212,2023-03-25,117,5,27.7,0.66
53212,2023-03-26,114,6,32.6,0.107
53212,2023-03-27,132,0,30.5,0.005
53212,2023-03-28,149,1,35.1,0.0
53212,2023-03-29,118,2,28.1,0.0
53212,2023-03-30,42,3,28.7,0.0
53212,2023-04-01,77,5,30.8,0.011
53212,2023-04-02,116,6,33.6,0.0
53212,2023-04-03,89,0,48.1,0.211
53212,2023-04-04,139,1,38.6,0.523
53212,2023-04-05,123,2,47.9,0.339
53212,2023-04-06,106,3,36.3,0.0
53212,2023-04-07,109,4,31.8,0.0
53212,2023-04-08,82,5,45.6,0.0
53212,2023-04-09,82,6,53.2,0.0
53212,2023-04-10,101,0,58.8,0.0
53212,2023-04-11,87,1,66.5,0.0
53212,2023-04-12,88,2,70.8,0.0
53212,2023-04-13,101,3,69.7,0.0
53212,2023-04-14,94,4,66.1,0.0
53212,2023-04-15,86,5,67.0,0.012
53212,2023-04-16,124,6,47.1,0.162
53212,2023-04-17,106,0,25.4,0.023
53212,2023-04-18,92,1,38.5,0.0
53212,2023-04-19,125,2,33.8,0.119
53212,2023-04-20,113,3,53.6,0.16
53213,2023-02-06,2,0,23.7,0.0
53213,2023-02-07,7,1,33.1,0.0
53213,2023-02-08,4,2,31.7,0.0
53213,2023-02-09,2,3,29.0,0.957
53213,2023-02-10,2,4,24.2,0.0
53213,2023-02-12,4,6,37.2,0.0
53213,2023-02-13,4,0,35.5,0.0
53213,2023-02-14,3,1,37.1,0.039
53213,2023-02-15,2,2,35.4,0.007
53213,2023-02-16,8,3,18.4,0.309
53213,2023-02-17,9,4,9.2,0.0
53213,2023-02-18,7,5,24.3,0.0
53213,2023-02-19,1,6,34.1,0.0
53213,2023-02-21,6,1,20.7,0.011
53213,2023-02-22,5,2,19.9,0.648
53213,2023-02-23,2,3,22.6,0.066
53213,2023-02-24,2,4,11.4,0.02
53213,2023-02-25,1,5,23.1,0.057
53213,2023-02-26,1,6,28.1,0.0
53213,2023-02-27,5,0,28.9,2.006
53213,2023-02-28,6,1,33.9,0.0
53213,2023-03-01,4,2,37.8,0.0
53213,2023-03-03,1,4,28.5,0.0
53213,2023-03-04,6,5,34.9,0.031
53213,2023-03-05,2,6,32.8,0.02
53213,2023-03-06,4,0,32.9,0.473
53213,2023-03-07,4,1,30.1,0.001
53213,2023-03-08,6,2,31.2,0.0
53213,2023-03-09,5,3,28.8,0.454
53213,2023-03-11,2,5,25.5,0.011
53213,2023-03-12,6,6,27.5,0.111
53213,2023-03-13,7,0,19.7,0.04
53213,2023-03-14,2,1,17.8,0.0
53213,2023-03-22,2,2,39.4,0.0
53213,2023-03-23,3,3,33.4,0.032
53213,2023-03-24,5,4,31.1,0.0
53213,2023-03-25,4,5,27.7,0.66
53213,2023-03-26,5,6,32.6,0.107
53213,2023-03-27,6,0,30.5,0.005
53213,2023-03-28,6,1,35.1,0.0
53213,2023-03-29,9,2,28.1,0.0
53213,2023-04-01,2,5,30.8,0.011
53213,2023-04-02,2,6,33.6,0.0
53213,2023-04-03,3,0,48.1,0.211
53213,2023-04-04,6,1,38.6,0.523
53213,2023-04-05,2,2,47.9,0.339
53213,2023-04-06,5,3,36.3,0.0
53213,2023-04-07,2,4,31.8,0.0
53213,2023-04-09,3,6,53.2,0.0
53213,2023-04-11,8,1,66.5,0.0
53213,2023-04-13,1,3,69.7,0.0
53213,2023-04-14,2,4,66.1,0.0
53213,2023-04-15,7,5,67.0,0.012
53213,2023-04-16,5,6,47.1,0.162
53213,2023-04-17,3,0,25.4,0.023
53213,2023-04-18,6,1,38.5,0.0
53213,2023-04-19,5,2,33.8,0.119
53213,2023-04-20,5,3,53.6,0.16
53214,2023-01-21,3,5,21.8,0.0
53214,2023-02-06,3,0,23.7,0.0
53214,2023-02-07,5,1,33.1,0.0
53214,2023-02-08,9,2,31.7,0.0
53214,2023-02-09,4,3,29.0,0.957
53214,2023-02-10,5,4,24.2,0.0
53214,2023-02-11,11,5,28.0,0.0
53214,2023-02-12,2,6,37.2,0.0
53214,2023-02-13,10,0,35.5,0.0
53214,2023-02-14,4,1,37.1,0.039
53214,2023-02-15,11,2,35.4,0.007
53214,2023-02-16,12,3,18.4,0.309
53214,2023-02-17,5,4,9.2,0.0
53214,2023-02-18,5,5,24.3,0.0
53214,2023-02-20,10,0,28.9,0.0
53214,2023-02-21,10,1,20.7,0.011
53214,2023-02-22,10,2,19.9,0.648
53214,2023-02-23,7,3,22.6,0.066
53214,2023-02-25,2,5,23.1,0.057
53214,2023-02-26,7,6,28.1,0.0
53214,2023-02-27,3,0,28.9,2.006
53214,2023-02-28,11,1,33.9,0.0
53214,2023-03-02,6,3,28.2,0.0
53214,2023-03-03,4,4,28.5,0.0
53214,2023-03-04,5,5,34.9,0.031
53214,2023-03-05,11,6,32.8,0.02
53214,2023-03-06,11,0,32.9,0.473
53214,2023-03-07,2,1,30.1,0.001
53214,2023-03-08,9,2,31.2,0.0
53214,2023-03-09,3,3,28.8,0.454
53214,2023-03-10,5,4,25.7,0.465
53214,2023-03-11,1,5,25.5,0.011
53214,2023-03-12,3,6,27.5,0.111
53214,2023-03-13,2,0,19.7,0.04
53214,2023-03-14,2,1,17.8,0.0
53214,2023-03-21,7,1,36.4,0.0
53214,2023-03-22,4,2,39.4,0.0
53214,2023-03-23,6,3,33.4,0.032
53214,2023-03-24,8,4,31.1,0.0
53214,2023-03-25,4,5,27.7,0.66
53214,2023-03-26,1,6,32.6,0.107
53214,2023-03-27,6,0,30.5,0.005
53214,2023-03-28,9,1,35.1,0.0
53214,2023-03-29,1,2,28.1,0.0
53214,2023-03-30,2,3,28.7,0.0
53214,2023-04-01,3,5,30.8,0.011
53214,2023-04-02,6,6,33.6,0.0
53214,2023-04-03,11,0,48.1,0.211
53214,2023-04-04,6,1,38.6,0.523
53214,2023-04-05,8,2,47.9,0.339
53214,2023-04-06,1,3,36.3,0.0
53214,2023-04-07,7,4,31.8,0.0
53214,2023-04-08,11,5,45.6,0.0
53214,2023-04-09,5,6,53.2,0.0
53214,2023-04-10,5,0,58.8,0.0
53214,2023-04-11,6,1,66.5,0.0
53214,2023-04-12,7,2,70.8,0.0
53214,2023-04-13,8,3,69.7,0.0
53214,2023-04-14,11,4,66.1,0.0
53214,2023-04-15,8,5,67.0,0.012
53214,2023-04-16,1,6,47.1,0.162
53214,2023-04-17,1,0,25.4,0.023
53214,2023-04-18,2,1,38.5,0.0
53214,2023-04-19,5,2,33.8,0.119
53214,2023-04-20,5,3,53.6,0.16
53215,2023-01-21,21,5,21.8,0.0
53215,2023-02-02,12,3,10.7,0.0
53215,2023-02-06,56,0,23.7,0.0
53215,2023-02-07,97,1,33.1,0.0
53215,2023-02-08,136,2,31.7,0.0
53215,2023-02-09,123,3,29.0,0.957
53215,2023-02-10,138,4,24.2,0.0
53215,2023-02-11,129,5,28.0,0.0
53215,2023-02-12,97,6,37.2,0.0
53215,2023-02-13,121,0,35.5,0.0
53215,2023-02-14,105,1,37.1,0.039
53215,2023-02-15,149,2,35.4,0.007
53215,2023-02-16,128,3,18.4,0.309
53215,2023-02-17,136,4,9.2,0.0
53215,2023-02-18,113,5,24.3,0.0
53215,2023-02-19,95,6,34.1,0.0
53215,2023-02-20,133,0,28.9,0.0
53215,2023-02-21,112,1,20.7,0.011
53215,2023-02-22,113,2,19.9,0.648
53215,2023-02-23,90,3,22.6,0.066
53215,2023-02-24,117,4,11.4,0.02
53215,2023-02-25,156,5,23.1,0.057
53215,2023-02-26,86,6,28.1,0.0
53215,2023-02-27,135,0,28.9,2.006
53215,2023-02-28,164,1,33.9,0.0
53215,2023-03-01,127,2,37.8,0.0
53215,2023-03-02,118,3,28.2,0.0
53215,2023-03-03,97,4,28.5,0.0
53215,2023-03-04,101,5,34.9,0.031
53215,2023-03-05,127,6,32.8,0.02
53215,2023-03-06,120,0,32.9,0.473
53215,2023-03-07,137,1,30.1,0.001
53215,2023-03-08,183,2,31.2,0.0
53215,2023-03-09,98,3,28.8,0.454
53215,2023-03-10,108,4,25.7,0.465
53215,2023-03-11,132,5,25.5,0.011
53215,2023-03-12,101,6,27.5,0.111
53215,2023-03-13,119,0,19.7,0.04
53215,2023-03-14,71,1,17.8,0.0
53215,2023-03-21,92,1,36.4,0.0
53215,2023-03-22,123,2,39.4,0.0
53215,2023-03-23,138,3,33.4,0.032
53215,2023-03-24,112,4,31.1,0.0
53215,2023-03-25,110,5,27.7,0.66
53215,2023-03-26,98,6,32.6,0.107
53215,2023-03-27,125,0,30.5,0.005
53215,2023-03-28,127,1,35.1,0.0
53215,2023-03-29,159,2,28.1,0.0
53215,2023-03-30,53,3,28.7,0.0
53215,2023-04-01,51,5,30.8,0.011
53215,2023-04-02,87,6,33.6,0.0
53215,2023-04-03,97,0,48.1,0.211
53215,2023-04-04,144,1,38.6,0.523
53215,2023-04-05,106,2,47.9,0.339
53215,2023-04-06,114,3,36.3,0.0
53215,2023-04-07,119,4,31.8,0.0
53215,2023-04-08,101,5,45.6,0.0
53215,2023-04-09,113,6,53.2,0.0
53215,2023-04-10,116,0,58.8,0.0
53215,2023-04-11,152,1,66.5,0.0
53215,2023-04-12,101,2,70.8,0.0
53215,2023-04-13,112,3,69.7,0.0
53215,2023-04-14,94,4,66.1,0.0
53215,2023-04-15,85,5,67.0,0.012
53215,2023-04-16,125,6,47.1,0.162
53215,2023-04-17,124,0,25.4,0.023
53215,2023-04-18,114,1,38.5,0.0
53215,2023-04-19,107,2,33.8,0.119
53215,2023-04-20,131,3,53.6,0.16
53216,2023-01-21,24,5,21.8,0.0
53216,2023-02-02,14,3,10.7,0.0
53216,2023-02-06,38,0,23.7,0.0
53216,2023-02-07,109,1,33.1,0.0
53216,2023-02-08,175,2,31.7,0.0
53216,2023-02-09,104,3,29.0,0.957
53216,2023-02-10,113,4,24.2,0.0
53216,2023-02-11,99,5,28.0,0.0
53216,2023-02-12,87,6,37.2,0.0
53216,2023-02-13,88,0,35.5,0.0
53216,2023-02-14,114,1,37.1,0.039
53216,2023-02-15,117,2,35.4,0.007
53216,2023-02-16,110,3,18.4,0.309
53216,2023-02-17,113,4,9.2,0.0
53216,2023-02-18,128,5,24.3,0.0
53216,2023-02-19,103,6,34.1,0.0
53216,2023-02-20,116,0,28.9,0.0
53216,2023-02-21,93,1,20.7,0.011
53216,2023-02-22,84,2,19.9,0.648
53216,2023-02-23,145,3,22.6,0.066
53216,2023-02-24,109,4,11.4,0.02
53216,2023-02-25,111,5,23.1,0.057
53216,2023-02-26,106,6,28.1,0.0
53216,2023-02-27,117,0,28.9,2.006
53216,2023-02-28,157,1,33.9,0.0
53216,2023-03-01,151,2,37.8,0.0
53216,2023-03-02,135,3,28.2,0.0
53216,2023-03-03,121,4,28.5,0.0
53216,2023-03-04,102,5,34.9,0.031
53216,2023-03-05,106,6,32.8,0.02
53216,2023-03-06,124,0,32.9,0.473
53216,2023-03-07,151,1,30.1,0.001
53216,2023-03-08,118,2,31.2,0.0
53216,2023-03-09,116,3,28.8,0.454
53216,2023-03-10,102,4,25.7,0.465
53216,2023-03-11,100,5,25.5,0.011
53216,2023-03-12,96,6,27.5,0.111
53216,2023-03-13,144,0,19.7,0.04
53216,2023-03-14,67,1,17.8,0.0
53216,2023-03-21,84,1,36.4,0.0
53216,2023-03-22,216,2,39.4,0.0
53216,2023-03-23,131,3,33.4,0.032
53216,2023-03-24,130,4,31.1,0.0
53216,2023-03-25,128,5,27.7,0.66
53216,2023-03-26,116,6,32.6,0.107
53216,2023-03-27,129,0,30.5,0.005
53216,2023-03-28,115,1,35.1,0.0
53216,2023-03-29,150,2,28.1,0.0
53216,2023-03-30,43,3,28.7,0.0
53216,2023-04-01,63,5,30.8,0.011
53216,2023-04-02,135,6,33.6,0.0
53216,2023-04-03,124,0,48.1,0.211
53216,2023-04-04,162,1,38.6,0.523
53216,2023-04-05,130,2,47.9,0.339
53216,2023-04-06,96,3,36.3,0.0
53216,2023-04-07,97,4,31.8,0.0
53216,2023-04-08,107,5,45.6,0.0
53216,2023-04-09,98,6,53.2,0.0
53216,2023-04-10,119,0,58.8,0.0
53216,2023-04-11,103,1,66.5,0.0
53216,2023-04-12,128,2,70.8,0.0
53216,2023-04-13,122,3,69.7,0.0
53216,2023-04-14,83,4,66.1,0.0
53216,2023-04-15,97,5,67.0,0.012
53216,2023-04-16,113,6,47.1,0.162
53216,2023-04-17,156,0,25.4,0.023
53216,2023-04-18,130,1,38.5,0.0
53216,2023-04-19,130,2,33.8,0.119
53216,2023-04-20,113,3,53.6,0.16
53217,2023-02-10,2,4,24.2,0.0
53217,2023-02-17,1,4,9.2,0.0
53217,2023-02-24,1,4,11.4,0.02
53217,2023-02-25,3,5,23.1,0.057
53217,2023-02-26,2,6,28.1,0.0
53217,2023-03-04,1,5,34.9,0.031
53217,2023-03-05,1,6,32.8,0.02
53217,2023-03-08,3,2,31.2,0.0
53217,2023-04-05,4,2,47.9,0.339
53217,2023-04-06,1,3,36.3,0.0
53217,2023-04-11,1,1,66.5,0.0
53217,2023-04-12,1,2,70.8,0.0
53217,2023-04-19,1,2,33.8,0.119
53218,2023-01-21,18,5,21.8,0.0
53218,2023-02-02,4,3,10.7,0.0
53218,2023-02-06,29,0,23.7,0.0
53218,2023-02-07,70,1,33.1,0.0
53218,2023-02-08,96,2,31.7,0.0
53218,2023-02-09,84,3,29.0,0.957
53218,2023-02-10,110,4,24.2,0.0
53218,2023-02-11,82,5,28.0,0.0
53218,2023-02-12,90,6,37.2,0.0
53218,2023-02-13,74,0,35.5,0.0
53218,2023-02-14,83,1,37.1,0.039
53218,2023-02-15,124,2,35.4,0.007
53218,2023-02-16,73,3,18.4,0.309
53218,2023-02-17,77,4,9.2,0.0
53218,2023-02-18,72,5,24.3,0.0
53218,2023-02-19,115,6,34.1,0.0
53218,2023-02-20,104,0,28.9,0.0
53218,2023-02-21,119,1,20.7,0.011
53218,2023-02-22,81,2,19.9,0.648
53218,2023-02-23,78,3,22.6,0.066
53218,2023-02-24,103,4,11.4,0.02
53218,2023-02-25,96,5,23.1,0.057
53218,2023-02-26,102,6,28.1,0.0
53218,2023-02-27,110,0,28.9,2.006
53218,2023-02-28,124,1,33.9,0.0
53218,2023-03-01,104,2,37.8,0.0
53218,2023-03-02,83,3,28.2,0.0
53218,2023-03-03,92,4,28.5,0.0
53218,2023-03-04,94,5,34.9,0.031
53218,2023-03-05,65,6,32.8,0.02
53218,2023-03-06,104,0,32.9,0.473
53218,2023-03-07,128,1,30.1,0.001
53218,2023-03-08,112,2,31.2,0.0
53218,2023-03-09,120,3,28.8,0.454
53218,2023-03-10,90,4,25.7,0.465
53218,2023-03-11,103,5,25.5,0.011
53218,2023-03-12,66,6,27.5,0.111
53218,2023-03-13,103,0,19.7,0.04
53218,2023-03-14,69,1,17.8,0.0
53218,2023-03-21,91,1,36.4,0.0
53218,2023-03-22,121,2,39.4,0.0
53218,2023-03-23,119,3,33.4,0.032
53218,2023-03-24,122,4,31.1,0.0
53218,2023-03-25,99,5,27.7,0.66
53218,2023-03-26,138,6,32.6,0.107
53218,2023-03-27,71,0,30.5,0.005
53218,2023-03-28,102,1,35.1,0.0
53218,2023-03-29,113,2,28.1,0.0
53218,2023-03-30,39,3,28.7,0.0
53218,2023-04-01,103,5,30.8,0.011
53218,2023-04-02,132,6,33.6,0.0
53218,2023-04-03,114,0,48.1,0.211
53218,2023-04-04,132,1,38.6,0.523
53218,2023-04-05,121,2,47.9,0.339
53218,2023-04-06,111,3,36.3,0.0
53218,2023-04-07,104,4,31.8,0.0
53218,2023-04-08,103,5,45.6,0.0
53218,2023-04-09,82,6,53.2,0.0
53218,2023-04-10,117,0,58.8,0.0
53218,2023-04-11,80,1,66.5,0.0
53218,2023-04-12,140,2,70.8,0.0
53218,2023-04-13,146,3,69.7,0.0
53218,2023-04-14,101,4,66.1,0.0
53218,2023-04-15,111,5,67.0,0.012
53218,2023-04-16,86,6,47.1,0.162
53218,2023-04-17,95,0,25.4,0.023
53218,2023-04-18,119,1,38.5,0.0
53218,2023-04-19,80,2,33.8,0.119
53218,2023-04-20,102,3,53.6,0.16
53219,2023-01-21,3,5,21.8,0.0
53219,2023-02-06,8,0,23.7,0.0
53219,2023-02-07,9,1,33.1,0.0
53219,2023-02-08,2,2,31.7,0.0
53219,2023-02-09,13,3,29.0,0.957
53219,2023-02-10,11,4,24.2,0.0
53219,2023-02-11,24,5,28.0,0.0
53219,2023-02-12,10,6,37.2,0.0
53219,2023-02-13,8,0,35.5,0.0
53219,2023-02-14,9,1,37.1,0.039
53219,2023-02-15,12,2,35.4,0.007
53219,2023-02-16,9,3,18.4,0.309
53219,2023-02-17,17,4,9.2,0.0
53219,2023-02-18,11,5,24.3,0.0
53219,2023-02-19,8,6,34.1,0.0
53219,2023-02-20,16,0,28.9,0.0
53219,2023-02-21,23,1,20.7,0.011
53219,2023-02-22,15,2,19.9,0.648
53219,2023-02-23,12,3,22.6,0.066
53219,2023-02-24,17,4,11.4,0.02
53219,2023-02-25,6,5,23.1,0.057
53219,2023-02-26,8,6,28.1,0.0
53219,2023-02-27,24,0,28.9,2.006
53219,2023-02-28,35,1,33.9,0.0
53219,2023-03-01,15,2,37.8,0.0
53219,2023-03-02,20,3,28.2,0.0
53219,2023-03-03,21,4,28.5,0.0
53219,2023-03-04,15,5,34.9,0.031
53219,2023-03-05,36,6,32.8,0.02
53219,2023-03-06,18,0,32.9,0.473
53219,2023-03-07,11,1,30.1,0.001
53219,2023-03-08,18,2,31.2,0.0
53219,2023-03-09,9,3,28.8,0.454
53219,2023-03-10,15,4,25.7,0.465
53219,2023-03-11,22,5,25.5,0.011
53219,2023-03-12,11,6,27.5,0.111
53219,2023-03-13,27,0,19.7,0.04
53219,2023-03-14,9,1,17.8,0.0
53219,2023-03-21,6,1,36.4,0.0
53219,2023-03-22,16,2,39.4,0.0
53219,2023-03-23,16,3,33.4,0.032
53219,2023-03-24,11,4,31.1,0.0
53219,2023-03-25,9,5,27.7,0.66
53219,2023-03-26,13,6,32.6,0.107
53219,2023-03-27,5,0,30.5,0.005
53219,2023-03-28,16,1,35.1,0.0
53219,2023-03-29,15,2,28.1,0.0
53219,2023-03-30,3,3,28.7,0.0
53219,2023-04-01,36,5,30.8,0.011
53219,2023-04-02,12,6,33.6,0.0
53219,2023-04-03,3,0,48.1,0.211
53219,2023-04-04,12,1,38.6,0.523
53219,2023-04-05,11,2,47.9,0.339
53219,2023-04-06,8,3,36.3,0.0
53219,2023-04-07,17,4,31.8,0.0
53219,2023-04-08,18,5,45.6,0.0
53219,2023-04-09,12,6,53.2,0.0
53219,2023-04-10,13,0,58.8,0.0
53219,2023-04-11,11,1,66.5,0.0
53219,2023-04-12,10,2,70.8,0.0
53219,2023-04-13,18,3,69.7,0.0
53219,2023-04-14,10,4,66.1,0.0
53219,2023-04-15,5,5,67.0,0.012
53219,2023-04-16,12,6,47.1,0.162
53219,2023-04-17,10,0,25.4,0.023
53219,2023-04-18,10,1,38.5,0.0
53219,2023-04-19,4,2,33.8,0.119
53219,2023-04-20,11,3,53.6,0.16
53220,2023-01-21,3,5,21.8,0.0
53220,2023-02-02,2,3,10.7,0.0
53220,2023-02-07,13,1,33.1,0.0
53220,2023-02-08,7,2,31.7,0.0
53220,2023-02-09,13,3,29.0,0.957
53220,2023-02-10,19,4,24.2,0.0
53220,2023-02-11,9,5,28.0,0.0
53220,2023-02-12,4,6,37.2,0.0
53220,2023-02-13,10,0,35.5,0.0
53220,2023-02-14,6,1,37.1,0.039
53220,2023-02-15,16,2,35.4,0.007
53220,2023-02-16,5,3,18.4,0.309
53220,2023-02-17,9,4,9.2,0.0
53220,2023-02-18,11,5,24.3,0.0
53220,2023-02-19,6,6,34.1,0.0
53220,2023-02-20,8,0,28.9,0.0
53220,2023-02-21,6,1,20.7,0.011
53220,2023-02-22,8,2,19.9,0.648
53220,2023-02-23,9,3,22.6,0.066
53220,2023-02-24,11,4,11.4,0.02
53220,2023-02-25,6,5,23.1,0.057
53220,2023-02-26,14,6,28.1,0.0
53220,2023-02-27,8,0,28.9,2.006
53220,2023-02-28,17,1,33.9,0.0
53220,2023-03-01,7,2,37.8,0.0
53220,2023-03-02,13,3,28.2,0.0
53220,2023-03-03,15,4,28.5,0.0
53220,2023-03-04,6,5,34.9,0.031
53220,2023-03-05,13,6,32.8,0.02
53220,2023-03-06,8,0,32.9,0.473
53220,2023-03-07,9,1,30.1,0.001
53220,2023-03-08,9,2,31.2,0.0
53220,2023-03-09,11,3,28.8,0.454
53220,2023-03-10,6,4,25.7,0.465
53220,2023-03-11,6,5,25.5,0.011
53220,2023-03-12,4,6,27.5,0.111
53220,2023-03-13,4,0,19.7,0.04
53220,2023-03-14,5,1,17.8,0.0
53220,2023-03-21,3,1,36.4,0.0
53220,2023-03-22,8,2,39.4,0.0
53220,2023-03-23,17,3,33.4,0.032
53220,2023-03-24,15,4,31.1,0.0
53220,2023-03-25,7,5,27.7,0.66
53220,2023-03-26,10,6,32.6,0.107
53220,2023-03-27,14,0,30.5,0.005
53220,2023-03-28,15,1,35.1,0.0
53220,2023-03-29,10,2,28.1,0.0
53220,2023-03-30,4,3,28.7,0.0
53220,2023-04-01,4,5,30.8,0.011
53220,2023-04-02,10,6,33.6,0.0
53220,2023-04-03,10,0,48.1,0.211
53220,2023-04-04,3,1,38.6,0.523
53220,2023-04-05,3,2,47.9,0.339
53220,2023-04-06,6,3,36.3,0.0
53220,2023-04-07,7,4,31.8,0.0
53220,2023-04-08,7,5,45.6,0.0
53220,2023-04-09,9,6,53.2,0.0
53220,2023-04-10,6,0,58.8,0.0
53220,2023-04-11,15,1,66.5,0.0
53220,2023-04-12,16,2,70.8,0.0
53220,2023-04-13,16,3,69.7,0.0
53220,2023-04-14,9,4,66.1,0.0
53220,2023-04-15,3,5,67.0,0.012
53220,2023-04-16,13,6,47.1,0.162
53220,2023-04-17,4,0,25.4,0.023
53220,2023-04-18,11,1,38.5,0.0
53220,2023-04-19,15,2,33.8,0.119
53220,2023-04-20,6,3,53.6,0.16
53221,2023-01-21,15,5,21.8,0.0
53221,2023-02-02,1,3,10.7,0.0
53221,2023-02-06,8,0,23.7,0.0
53221,2023-02-07,24,1,33.1,0.0
53221,2023-02-08,32,2,31.7,0.0
53221,2023-02-09,17,3,29.0,0.957
53221,2023-02-10,21,4,24.2,0.0
53221,2023-02-11,35,5,28.0,0.0
53221,2023-02-12,23,6,37.2,0.0
53221,2023-02-13,28,0,35.5,0.0
53221,2023-02-14,45,1,37.1,0.039
53221,2023-02-15,29,2,35.4,0.007
53221,2023-02-16,33,3,18.4,0.309
53221,2023-02-17,32,4,9.2,0.0
53221,2023-02-18,28,5,24.3,0.0
53221,2023-02-19,27,6,34.1,0.0
53221,2023-02-20,42,0,28.9,0.0
53221,2023-02-21,22,1,20.7,0.011
53221,2023-02-22,22,2,19.9,0.648
53221,2023-02-23,38,3,22.6,0.066
53221,2023-02-24,17,4,11.4,0.02
53221,2023-02-25,24,5,23.1,0.057
53221,2023-02-26,33,6,28.1,0.0
53221,2023-02-27,38,0,28.9,2.006
53221,2023-02-28,45,1,33.9,0.0
53221,2023-03-01,45,2,37.8,0.0
53221,2023-03-02,28,3,28.2,0.0
53221,2023-03-03,36,4,28.5,0.0
53221,2023-03-04,37,5,34.9,0.031
53221,2023-03-05,31,6,32.8,0.02
53221,2023-03-06,30,0,32.9,0.473
53221,2023-03-07,21,1,30.1,0.001
53221,2023-03-08,33,2,31.2,0.0
53221,2023-03-09,27,3,28.8,0.454
53221,2023-03-10,29,4,25.7,0.465
53221,2023-03-11,27,5,25.5,0.011
53221,2023-03-12,28,6,27.5,0.111
53221,2023-03-13,29,0,19.7,0.04
53221,2023-03-14,18,1,17.8,0.0
53221,2023-03-21,15,1,36.4,0.0
53221,2023-03-22,17,2,39.4,0.0
53221,2023-03-23,24,3,33.4,0.032
53221,2023-03-24,33,4,31.1,0.0
53221,2023-03-25,30,5,27.7,0.66
53221,2023-03-26,14,6,32.6,0.107
53221,2023-03-27,31,0,30.5,0.005
53221,2023-03-28,28,1,35.1,0.0
53221,2023-03-29,23,2,28.1,0.0
53221,2023-03-30,13,3,28.7,0.0
53221,2023-04-01,30,5,30.8,0.011
53221,2023-04-02,25,6,33.6,0.0
53221,2023-04-03,41,0,48.1,0.211
53221,2023-04-04,46,1,38.6,0.523
53221,2023-04-05,30,2,47.9,0.339
53221,2023-04-06,30,3,36.3,0.0
53221,2023-04-07,41,4,31.8,0.0
53221,2023-04-08,52,5,45.6,0.0
53221,2023-04-09,20,6,53.2,0.0
53221,2023-04-10,35,0,58.8,0.0
53221,2023-04-11,31,1,66.5,0.0
53221,2023-04-12,10,2,70.8,0.0
53221,2023-04-13,25,3,69.7,0.0
53221,2023-04-14,22,4,66.1,0.0
53221,2023-04-15,30,5,67.0,0.012
53221,2023-04-16,37,6,47.1,0.162
53221,2023-04-17,17,0,25.4,0.023
53221,2023-04-18,29,1,38.5,0.0
53221,2023-04-19,26,2,33.8,0.119
53221,2023-04-20,33,3,53.6,0.16
53222,2023-01-21,6,5,21.8,0.0
53222,2023-02-02,3,3,10.7,0.0
53222,2023-02-06,9,0,23.7,0.0
53222,2023-02-07,17,1,33.1,0.0
53222,2023-02-08,20,2,31.7,0.0
53222,2023-02-09,23,3,29.0,0.957
53222,2023-02-10,21,4,24.2,0.0
53222,2023-02-11,17,5,28.0,0.0
53222,2023-02-12,11,6,37.2,0.0
53222,2023-02-13,20,0,35.5,0.0
53222,2023-02-14,16,1,37.1,0.039
53222,2023-02-15,11,2,35.4,0.007
53222,2023-02-16,23,3,18.4,0.309
53222,2023-02-17,14,4,9.2,0.0
53222,2023-02-18,25,5,24.3,0.0
53222,2023-02-19,24,6,34.1,0.0
53222,2023-02-20,32,0,28.9,0.0
53222,2023-02-21,21,1,20.7,0.011
53222,2023-02-22,18,2,19.9,0.648
53222,2023-02-23,22,3,22.6,0.066
53222,2023-02-24,20,4,11.4,0.02
53222,2023-02-25,13,5,23.1,0.057
53222,2023-02-26,25,6,28.1,0.0
53222,2023-02-27,24,0,28.9,2.006
53222,2023-02-28,33,1,33.9,0.0
53222,2023-03-01,30,2,37.8,0.0
53222,2023-03-02,20,3,28.2,0.0
53222,2023-03-03,24,4,28.5,0.0
53222,2023-03-04,11,5,34.9,0.031
53222,2023-03-05,14,6,32.8,0.02
53222,2023-03-06,20,0,32.9,0.473
53222,2023-03-07,27,1,30.1,0.001
53222,2023-03-08,30,2,31.2,0.0
53222,2023-03-09,19,3,28.8,0.454
53222,2023-03-10,15,4,25.7,0.465
53222,2023-03-11,13,5,25.5,0.011
53222,2023-03-12,19,6,27.5,0.111
53222,2023-03-13,17,0,19.7,0.04
53222,2023-03-14,22,1,17.8,0.0
53222,2023-03-21,3,1,36.4,0.0
53222,2023-03-22,13,2,39.4,0.0
53222,2023-03-23,36,3,33.4,0.032
53222,2023-03-24,14,4,31.1,0.0
53222,2023-03-25,22,5,27.7,0.66
53222,2023-03-26,24,6,32.6,0.107
53222,2023-03-27,18,0,30.5,0.005
53222,2023-03-28,12,1,35.1,0.0
53222,2023-03-29,28,2,28.1,0.0
53222,2023-03-30,7,3,28.7,0.0
53222,2023-04-01,9,5,30.8,0.011
53222,2023-04-02,12,6,33.6,0.0
53222,2023-04-03,18,0,48.1,0.211
53222,2023-04-04,22,1,38.6,0.523
53222,2023-04-05,26,2,47.9,0.339
53222,2023-04-06,37,3,36.3,0.0
53222,2023-04-07,24,4,31.8,0.0
53222,2023-04-08,24,5,45.6,0.0
53222,2023-04-09,12,6,53.2,0.0
53222,2023-04-10,20,0,58.8,0.0
53222,2023-04-11,7,1,66.5,0.0
53222,2023-04-12,21,2,70.8,0.0
53222,2023-04-13,11,3,69.7,0.0
53222,2023-04-14,18,4,66.1,0.0
53222,2023-04-15,18,5,67.0,0.012
53222,2023-04-16,23,6,47.1,0.162
53222,2023-04-17,18,0,25.4,0.023
53222,2023-04-18,17,1,38.5,0.0
53222,2023-04-19,11,2,33.8,0.119
53222,2023-04-20,15,3,53.6,0.16
53223,2023-02-02,4,3,10.7,0.0
53223,2023-02-06,5,0,23.7,0.0
53223,2023-02-07,27,1,33.1,0.0
53223,2023-02-08,22,2,31.7,0.0
53223,2023-02-09,31,3,29.0,0.957
53223,2023-02-10,57,4,24.2,0.0
53223,2023-02-11,47,5,28.0,0.0
53223,2023-02-12,29,6,37.2,0.0
53223,2023-02-13,29,0,35.5,0.0
53223,2023-02-14,32,1,37.1,0.039
53223,2023-02-15,40,2,35.4,0.007
53223,2023-02-16,27,3,18.4,0.309
53223,2023-02-17,56,4,9.2,0.0
53223,2023-02-18,22,5,24.3,0.0
53223,2023-02-19,40,6,34.1,0.0
53223,2023-02-20,40,0,28.9,0.0
53223,2023-02-21,22,1,20.7,0.011
53223,2023-02-22,25,2,19.9,0.648
53223,2023-02-23,35,3,22.6,0.066
53223,2023-02-24,31,4,11.4,0.02
53223,2023-02-25,23,5,23.1,0.057
53223,2023-02-26,20,6,28.1,0.0
53223,2023-02-27,36,0,28.9,2.006
53223,2023-02-28,21,1,33.9,0.0
53223,2023-03-01,34,2,37.8,0.0
53223,2023-03-02,37,3,28.2,0.0
53223,2023-03-03,22,4,28.5,0.0
53223,2023-03-04,21,5,34.9,0.031
53223,2023-03-05,20,6,32.8,0.02
53223,2023-03-06,29,0,32.9,0.473
53223,2023-03-07,48,1,30.1,0.001
53223,2023-03-08,30,2,31.2,0.0
53223,2023-03-09,37,3,28.8,0.454
53223,2023-03-10,21,4,25.7,0.465
53223,2023-03-11,28,5,25.5,0.011
53223,2023-03-12,32,6,27.5,0.111
53223,2023-03-13,31,0,19.7,0.04
53223,2023-03-14,11,1,17.8,0.0
53223,2023-03-21,14,1,36.4,0.0
53223,2023-03-22,29,2,39.4,0.0
53223,2023-03-23,36,3,33.4,0.032
53223,2023-03-24,39,4,31.1,0.0
53223,2023-03-25,33,5,27.7,0.66
53223,2023-03-26,42,6,32.6,0.107
53223,2023-03-27,27,0,30.5,0.005
53223,2023-03-28,24,1,35.1,0.0
53223,2023-03-29,32,2,28.1,0.0
53223,2023-03-30,17,3,28.7,0.0
53223,2023-04-01,21,5,30.8,0.011
53223,2023-04-02,34,6,33.6,0.0
53223,2023-04-03,41,0,48.1,0.211
53223,2023-04-04,41,1,38.6,0.523
53223,2023-04-05,29,2,47.9,0.339
53223,2023-04-06,20,3,36.3,0.0
53223,2023-04-07,46,4,31.8,0.0
53223,2023-04-08,41,5,45.6,0.0
53223,2023-04-09,27,6,53.2,0.0
53223,2023-04-10,29,0,58.8,0.0
53223,2023-04-11,22,1,66.5,0.0
53223,2023-04-12,31,2,70.8,0.0
53223,2023-04-13,31,3,69.7,0.0
53223,2023-04-14,19,4,66.1,0.0
53223,2023-04-15,32,5,67.0,0.012
53223,2023-04-16,28,6,47.1,0.162
53223,2023-04-17,18,0,25.4,0.023
53223,2023-04-18,27,1,38.5,0.0
53223,2023-04-19,17,2,33.8,0.119
53223,2023-04-20,26,3,53.6,0.16
53224,2023-01-21,3,5,21.8,0.0
53224,2023-02-06,8,0,23.7,0.0
53224,2023-02-07,12,1,33.1,0.0
53224,2023-02-08,19,2,31.7,0.0
53224,2023-02-09,16,3,29.0,0.957
53224,2023-02-10,21,4,24.2,0.0
53224,2023-02-11,21,5,28.0,0.0
53224,2023-02-12,5,6,37.2,0.0
53224,2023-02-13,15,0,35.5,0.0
53224,2023-02-14,16,1,37.1,0.039
53224,2023-02-15,27,2,35.4,0.007
53224,2023-02-16,25,3,18.4,0.309
53224,2023-02-17,18,4,9.2,0.0
53224,2023-02-18,14,5,24.3,0.0
53224,2023-02-19,20,6,34.1,0.0
53224,2023-02-20,30,0,28.9,0.0
53224,2023-02-21,17,1,20.7,0.011
53224,2023-02-22,25,2,19.9,0.648
53224,2023-02-23,24,3,22.6,0.066
53224,2023-02-24,22,4,11.4,0.02
53224,2023-02-25,24,5,23.1,0.057
53224,2023-02-26,29,6,28.1,0.0
53224,2023-02-27,20,0,28.9,2.006
53224,2023-02-28,27,1,33.9,0.0
53224,2023-03-01,50,2,37.8,0.0
53224,2023-03-02,24,3,28.2,0.0
53224,2023-03-03,14,4,28.5,0.0
53224,2023-03-04,19,5,34.9,0.031
53224,2023-03-05,11,6,32.8,0.02
53224,2023-03-06,39,0,32.9,0.473
53224,2023-03-07,30,1,30.1,0.001
53224,2023-03-08,21,2,31.2,0.0
53224,2023-03-09,21,3,28.8,0.454
53224,2023-03-10,19,4,25.7,0.465
53224,2023-03-11,22,5,25.5,0.011
53224,2023-03-12,16,6,27.5,0.111
53224,2023-03-13,13,0,19.7,0.04
53224,2023-03-14,15,1,17.8,0.0
53224,2023-03-21,15,1,36.4,0.0
53224,2023-03-22,23,2,39.4,0.0
53224,2023-03-23,21,3,33.4,0.032
53224,2023-03-24,29,4,31.1,0.0
53224,2023-03-25,22,5,27.7,0.66
53224,2023-03-26,17,6,32.6,0.107
53224,2023-03-27,22,0,30.5,0.005
53224,2023-03-28,21,1,35.1,0.0
53224,2023-03-29,10,2,28.1,0.0
53224,2023-03-30,12,3,28.7,0.0
53224,2023-04-01,18,5,30.8,0.011
53224,2023-04-02,21,6,33.6,0.0
53224,2023-04-03,27,0,48.1,0.211
53224,2023-04-04,29,1,38.6,0.523
53224,2023-04-05,33,2,47.9,0.339
53224,2023-04-06,28,3,36.3,0.0
53224,2023-04-07,30,4,31.8,0.0
53224,2023-04-08,27,5,45.6,0.0
53224,2023-04-09,23,6,53.2,0.0
53224,2023-04-10,18,0,58.8,0.0
53224,2023-04-11,23,1,66.5,0.0
53224,2023-04-12,58,2,70.8,0.0
53224,2023-04-13,20,3,69.7,0.0
53224,2023-04-14,8,4,66.1,0.0
53224,2023-04-15,17,5,67.0,0.012
53224,2023-04-16,18,6,47.1,0.162
53224,2023-04-17,35,0,25.4,0.023
53224,2023-04-18,18,1,38.5,0.0
53224,2023-04-19,15,2,33.8,0.119
53224,2023-04-20,19,3,53.6,0.16
53225,2023-02-02,4,3,10.7,0.0
53225,2023-02-06,3,0,23.7,0.0
53225,2023-02-07,30,1,33.1,0.0
53225,2023-02-08,34,2,31.7,0.0
53225,2023-02-09,31,3,29.0,0.957
53225,2023-02-10,40,4,24.2,0.0
53225,2023-02-11,38,5,28.0,0.0
53225,2023-02-12,37,6,37.2,0.0
53225,2023-02-13,22,0,35.5,0.0
53225,2023-02-14,25,1,37.1,0.039
53225,2023-02-15,41,2,35.4,0.007
53225,2023-02-16,40,3,18.4,0.309
53225,2023-02-17,30,4,9.2,0.0
53225,2023-02-18,32,5,24.3,0.0
53225,2023-02-19,31,6,34.1,0.0
53225,2023-02-20,36,0,28.9,0.0
53225,2023-02-21,32,1,20.7,0.011
53225,2023-02-22,28,2,19.9,0.648
53225,2023-02-23,40,3,22.6,0.066
53225,2023-02-24,27,4,11.4,0.02
53225,2023-02-25,31,5,23.1,0.057
53225,2023-02-26,38,6,28.1,0.0
53225,2023-02-27,22,0,28.9,2.006
53225,2023-02-28,43,1,33.9,0.0
53225,2023-03-01,39,2,37.8,0.0
53225,2023-03-02,39,3,28.2,0.0
53225,2023-03-03,31,4,28.5,0.0
53225,2023-03-04,35,5,34.9,0.031
53225,2023-03-05,43,6,32.8,0.02
53225,2023-03-06,36,0,32.9,0.473
53225,2023-03-07,49,1,30.1,0.001
53225,2023-03-08,20,2,31.2,0.0
53225,2023-03-09,47,3,28.8,0.454
53225,2023-03-10,32,4,25.7,0.465
53225,2023-03-11,28,5,25.5,0.011
53225,2023-03-12,38,6,27.5,0.111
53225,2023-03-13,45,0,19.7,0.04
53225,2023-03-14,32,1,17.8,0.0
53225,2023-03-21,22,1,36.4,0.0
53225,2023-03-22,23,2,39.4,0.0
53225,2023-03-23,25,3,33.4,0.032
53225,2023-03-24,27,4,31.1,0.0
53225,2023-03-25,37,5,27.7,0.66
53225,2023-03-26,27,6,32.6,0.107
53225,2023-03-27,26,0,30.5,0.005
53225,2023-03-28,34,1,35.1,0.0
53225,2023-03-29,21,2,28.1,0.0
53225,2023-03-30,8,3,28.7,0.0
53225,2023-04-01,22,5,30.8,0.011
53225,2023-04-02,32,6,33.6,0.0
53225,2023-04-03,22,0,48.1,0.211
53225,2023-04-04,35,1,38.6,0.523
53225,2023-04-05,24,2,47.9,0.339
53225,2023-04-06,33,3,36.3,0.0
53225,2023-04-07,17,4,31.8,0.0
53225,2023-04-08,27,5,45.6,0.0
53225,2023-04-09,30,6,53.2,0.0
53225,2023-04-10,51,0,58.8,0.0
53225,2023-04-11,24,1,66.5,0.0
53225,2023-04-12,36,2,70.8,0.0
53225,2023-04-13,33,3,69.7,0.0
53225,2023-04-14,39,4,66.1,0.0
53225,2023-04-15,31,5,67.0,0.012
53225,2023-04-16,30,6,47.1,0.162
53225,2023-04-17,37,0,25.4,0.023
53225,2023-04-18,19,1,38.5,0.0
53225,2023-04-19,26,2,33.8,0.119
53225,2023-04-20,19,3,53.6,0.16
53226,2023-02-06,3,0,23.7,0.0
53226,2023-02-07,3,1,33.1,0.0
53226,2023-02-08,10,2,31.7,0.0
53226,2023-02-09,3,3,29.0,0.957
53226,2023-02-10,2,4,24.2,0.0
53226,2023-02-11,5,5,28.0,0.0
53226,2023-02-12,6,6,37.2,0.0
53226,2023-02-13,2,0,35.5,0.0
53226,2023-02-14,9,1,37.1,0.039
53226,2023-02-15,4,2,35.4,0.007
53226,2023-02-16,15,3,18.4,0.309
53226,2023-02-17,2,4,9.2,0.0
53226,2023-02-18,2,5,24.3,0.0
53226,2023-02-20,7,0,28.9,0.0
53226,2023-02-21,6,1,20.7,0.011
53226,2023-02-22,4,2,19.9,0.648
53226,2023-02-23,3,3,22.6,0.066
53226,2023-02-24,6,4,11.4,0.02
53226,2023-02-25,3,5,23.1,0.057
53226,2023-02-26,4,6,28.1,0.0
53226,2023-02-27,4,0,28.9,2.006
53226,2023-02-28,4,1,33.9,0.0
53226,2023-03-01,9,2,37.8,0.0
53226,2023-03-02,3,3,28.2,0.0
53226,2023-03-04,6,5,34.9,0.031
53226,2023-03-05,5,6,32.8,0.02
53226,2023-03-06,2,0,32.9,0.473
53226,2023-03-07,10,1,30.1,0.001
53226,2023-03-08,3,2,31.2,0.0
53226,2023-03-10,1,4,25.7,0.465
53226,2023-03-11,8,5,25.5,0.011
53226,2023-03-12,3,6,27.5,0.111
53226,2023-03-13,4,0,19.7,0.04
53226,2023-03-14,2,1,17.8,0.0
53226,2023-03-21,8,1,36.4,0.0
53226,2023-03-22,4,2,39.4,0.0
53226,2023-03-23,2,3,33.4,0.032
53226,2023-03-24,4,4,31.1,0.0
53226,2023-03-25,2,5,27.7,0.66
53226,2023-03-26,2,6,32.6,0.107
53226,2023-03-27,9,0,30.5,0.005
53226,2023-03-28,2,1,35.1,0.0
53226,2023-03-29,7,2,28.1,0.0
53226,2023-03-30,1,3,28.7,0.0
53226,2023-04-01,8,5,30.8,0.011
53226,2023-04-02,1,6,33.6,0.0
53226,2023-04-03,6,0,48.1,0.211
53226,2023-04-04,2,1,38.6,0.523
53226,2023-04-05,4,2,47.9,0.339
53226,2023-04-06,6,3,36.3,0.0
53226,2023-04-07,7,4,31.8,0.0
53226,2023-04-08,8,5,45.6,0.0
53226,2023-04-09,4,6,53.2,0.0
53226,2023-04-10,6,0,58.8,0.0
53226,2023-04-11,10,1,66.5,0.0
53226,2023-04-12,4,2,70.8,0.0
53226,2023-04-13,10,3,69.7,0.0
53226,2023-04-14,8,4,66.1,0.0
53226,2023-04-15,3,5,67.0,0.012
53226,2023-04-16,7,6,47.1,0.162
53226,2023-04-17,11,0,25.4,0.023
53226,2023-04-18,3,1,38.5,0.0
53226,2023-04-19,3,2,33.8,0.119
53226,2023-04-20,7,3,53.6,0.16
53227,2023-02-08,2,2,31.7,0.0
53227,2023-02-11,3,5,28.0,0.0
53227,2023-02-12,2,6,37.2,0.0
53227,2023-02-13,4,0,35.5,0.0
53227,2023-02-14,3,1,37.1,0.039
53227,2023-02-15,8,2,35.4,0.007
53227,2023-02-16,2,3,18.4,0.309
53227,2023-02-18,4,5,24.3,0.0
53227,2023-02-20,7,0,28.9,0.0
53227,2023-02-22,2,2,19.9,0.648
53227,2023-02-23,2,3,22.6,0.066
53227,2023-02-25,1,5,23.1,0.057
53227,2023-02-27,1,0,28.9,2.006
53227,2023-02-28,1,1,33.9,0.0
53227,2023-03-02,3,3,28.2,0.0
53227,2023-03-03,1,4,28.5,0.0
53227,2023-03-05,1,6,32.8,0.02
53227,2023-03-06,1,0,32.9,0.473
53227,2023-03-08,1,2,31.2,0.0
53227,2023-03-09,1,3,28.8,0.454
53227,2023-03-10,3,4,25.7,0.465
53227,2023-03-11,3,5,25.5,0.011
53227,2023-03-13,4,0,19.7,0.04
53227,2023-03-14,4,1,17.8,0.0
53227,2023-03-21,1,1,36.4,0.0
53227,2023-03-22,2,2,39.4,0.0
53227,2023-03-23,4,3,33.4,0.032
53227,2023-03-25,8,5,27.7,0.66
53227,2023-03-26,2,6,32.6,0.107
53227,2023-03-28,2,1,35.1,0.0
53227,2023-03-29,1,2,28.1,0.0
53227,2023-03-30,2,3,28.7,0.0
53227,2023-04-02,1,6,33.6,0.0
53227,2023-04-03,5,0,48.1,0.211
53227,2023-04-04,6,1,38.6,0.523
53227,2023-04-07,2,4,31.8,0.0
53227,2023-04-11,4,1,66.5,0.0
53227,2023-04-12,3,2,70.8,0.0
53227,2023-04-15,2,5,67.0,0.012
53227,2023-04-18,2,1,38.5,0.0
53227,2023-04-19,1,2,33.8,0.119
53227,2023-04-20,3,3,53.6,0.16
53228,2023-02-06,1,0,23.7,0.0
53228,2023-02-09,1,3,29.0,0.957
53228,2023-02-10,3,4,24.2,0.0
53228,2023-02-12,3,6,37.2,0.0
53228,2023-02-13,3,0,35.5,0.0
53228,2023-02-15,1,2,35.4,0.007
53228,2023-02-16,1,3,18.4,0.309
53228,2023-02-18,1,5,24.3,0.0
53228,2023-02-20,1,0,28.9,0.0
53228,2023-02-22,2,2,19.9,0.648
53228,2023-02-23,2,3,22.6,0.066
53228,2023-02-24,2,4,11.4,0.02
53228,2023-02-26,1,6,28.1,0.0
53228,2023-02-27,1,0,28.9,2.006
53228,2023-02-28,3,1,33.9,0.0
53228,2023-03-02,3,3,28.2,0.0
53228,2023-03-04,1,5,34.9,0.031
53228,2023-03-05,1,6,32.8,0.02
53228,2023-03-08,2,2,31.2,0.0
53228,2023-03-11,3,5,25.5,0.011
53228,2023-03-12,2,6,27.5,0.111
53228,2023-03-13,1,0,19.7,0.04
53228,2023-03-14,3,1,17.8,0.0
53228,2023-03-22,2,2,39.4,0.0
53228,2023-03-23,1,3,33.4,0.032
53228,2023-03-24,1,4,31.1,0.0
53228,2023-03-25,3,5,27.7,0.66
53228,2023-03-28,2,1,35.1,0.0
53228,2023-03-29,3,2,28.1,0.0
53228,2023-03-30,1,3,28.7,0.0
53228,2023-04-01,1,5,30.8,0.011
53228,2023-04-02,3,6,33.6,0.0
53228,2023-04-03,1,0,48.1,0.211
53228,2023-04-04,1,1,38.6,0.523
53228,2023-04-08,2,5,45.6,0.0
53228,2023-04-09,2,6,53.2,0.0
53228,2023-04-11,2,1,66.5,0.0
53228,2023-04-12,2,2,70.8,0.0
53228,2023-04-13,1,3,69.7,0.0
53228,2023-04-17,2,0,25.4,0.023
53228,2023-04-20,4,3,53.6,0.16
53233,2023-01-21,6,5,21.8,0.0
53233,2023-02-02,9,3,10.7,0.0
53233,2023-02-06,38,0,23.7,0.0
53233,2023-02-07,92,1,33.1,0.0
53233,2023-02-08,79,2,31.7,0.0
53233,2023-02-09,108,3,29.0,0.957
53233,2023-02-10,84,4,24.2,0.0
53233,2023-02-11,67,5,28.0,0.0
53233,2023-02-12,67,6,37.2,0.0
53233,2023-02-13,75,0,35.5,0.0
53233,2023-02-14,101,1,37.1,0.039
53233,2023-02-15,89,2,35.4,0.007
53233,2023-02-16,88,3,18.4,0.309
53233,2023-02-17,107,4,9.2,0.0
53233,2023-02-18,69,5,24.3,0.0
53233,2023-02-19,73,6,34.1,0.0
53233,2023-02-20,93,0,28.9,0.0
53233,2023-02-21,91,1,20.7,0.011
53233,2023-02-22,115,2,19.9,0.648
53233,2023-02-23,88,3,22.6,0.066
53233,2023-02-24,77,4,11.4,0.02
53233,2023-02-25,65,5,23.1,0.057
53233,2023-02-26,53,6,28.1,0.0
53233,2023-02-27,126,0,28.9,2.006
53233,2023-02-28,86,1,33.9,0.0
53233,2023-03-01,92,2,37.8,0.0
53233,2023-03-02,90,3,28.2,0.0
53233,2023-03-03,88,4,28.5,0.0
53233,2023-03-04,55,5,34.9,0.031
53233,2023-03-05,62,6,32.8,0.02
53233,2023-03-06,66,0,32.9,0.473
53233,2023-03-07,84,1,30.1,0.001
53233,2023-03-08,100,2,31.2,0.0
53233,2023-03-09,115,3,28.8,0.454
53233,2023-03-10,65,4,25.7,0.465
53233,2023-03-11,65,5,25.5,0.011
53233,2023-03-12,74,6,27.5,0.111
53233,2023-03-13,103,0,19.7,0.04
53233,2023-03-14,57,1,17.8,0.0
53233,2023-03-21,46,1,36.4,0.0
53233,2023-03-22,107,2,39.4,0.0
53233,2023-03-23,102,3,33.4,0.032
53233,2023-03-24,103,4,31.1,0.0
53233,2023-03-25,65,5,27.7,0.66
53233,2023-03-26,66,6,32.6,0.107
53233,2023-03-27,88,0,30.5,0.005
53233,2023-03-28,97,1,35.1,0.0
53233,2023-03-29,101,2,28.1,0.0
53233,2023-03-30,38,3,28.7,0.0
53233,2023-04-01,44,5,30.8,0.011
53233,2023-04-02,68,6,33.6,0.0
53233,2023-04-03,90,0,48.1,0.211
53233,2023-04-04,91,1,38.6,0.523
53233,2023-04-05,78,2,47.9,0.339
53233,2023-04-06,89,3,36.3,0.0
53233,2023-04-07,102,4,31.8,0.0
53233,2023-04-08,64,5,45.6,0.0
53233,2023-04-09,69,6,53.2,0.0
53233,2023-04-10,93,0,58.8,0.0
53233,2023-04-11,69,1,66.5,0.0
53233,2023-04-12,84,2,70.8,0.0
53233,2023-04-13,97,3,69.7,0.0
53233,2023-04-14,63,4,66.1,0.0
53233,2023-04-15,62,5,67.0,0.012
53233,2023-04-16,57,6,47.1,0.162
53233,2023-04-17,76,0,25.4,0.023
53233,2023-04-18,99,1,38.5,0.0
53233,2023-04-19,80,2,33.8,0.119
53233,2023-04-20,96,3,53.6,0.16
53235,2023-02-08,1,2,31.7,0.0
53235,2023-02-14,1,1,37.1,0.039
53235,2023-02-17,2,4,9.2,0.0
53235,2023-02-20,1,0,28.9,0.0
53235,2023-02-28,2,1,33.9,0.0
53235,2023-03-08,1,2,31.2,0.0
53235,2023-03-14,3,1,17.8,0.0
53235,2023-03-22,2,2,39.4,0.0
53235,2023-03-23,2,3,33.4,0.032
53235,2023-04-03,2,0,48.1,0.211
53235,2023-04-05,1,2,47.9,0.339
53295,2023-02-06,1,0,23.7,0.0
53295,2023-02-07,2,1,33.1,0.0
53295,2023-02-09,2,3,29.0,0.957
53295,2023-02-10,1,4,24.2,0.0
53295,2023-02-11,2,5,28.0,0.0
53295,2023-02-12,4,6,37.2,0.0
53295,2023-02-13,1,0,35.5,0.0
53295,2023-02-14,1,1,37.1,0.039
53295,2023-02-16,3,3,18.4,0.309
53295,2023-02-17,5,4,9.2,0.0
53295,2023-02-18,2,5,24.3,0.0
53295,2023-02-19,2,6,34.1,0.0
53295,2023-02-20,2,0,28.9,0.0
53295,2023-02-21,1,1,20.7,0.011
53295,2023-02-23,1,3,22.6,0.066
53295,2023-02-25,1,5,23.1,0.057
53295,2023-02-28,1,1,33.9,0.0
53295,2023-03-01,1,2,37.8,0.0
53295,2023-03-02,1,3,28.2,0.0
53295,2023-03-03,4,4,28.5,0.0
53295,2023-03-04,4,5,34.9,0.031
53295,2023-03-05,4,6,32.8,0.02
53295,2023-03-09,2,3,28.8,0.454
53295,2023-03-10,2,4,25.7,0.465
53295,2023-03-11,1,5,25.5,0.011
53295,2023-03-13,1,0,19.7,0.04
53295,2023-03-14,1,1,17.8,0.0
53295,2023-03-22,2,2,39.4,0.0
53295,2023-03-24,3,4,31.1,0.0
53295,2023-03-26,1,6,32.6,0.107
53295,2023-03-28,1,1,35.1,0.0
53295,2023-03-29,1,2,28.1,0.0
53295,2023-04-01,1,5,30.8,0.011
53295,2023-04-02,1,6,33.6,0.0
53295,2023-04-03,2,0,48.1,0.211
53295,2023-04-04,1,1,38.6,0.523
53295,2023-04-06,2,3,36.3,0.0
53295,2023-04-07,1,4,31.8,0.0
53295,2023-04-08,2,5,45.6,0.0
53295,2023-04-12,1,2,70.8,0.0
53295,2023-04-13,4,3,69.7,0.0
53295,2023-04-14,4,4,66.1,0.0
53295,2023-04-15,2,5,67.0,0.012
53295,2023-04-16,2,6,47.1,0.162
53295,2023-04-19,1,2,33.8,0.119
53295,2023-04-20,2,3,53.6,0.16
